id,name
MLB5672,Acessórios para Veículos
MLB22693,Peças de Carros e Caminhonetes
MLB5672,Acessórios para Veículos
MLB22693,Peças de Carros e Caminhonetes
MLB2220,Baterias
MLB5672,Acessórios para Veículos
MLB22693,Peças de Carros e Caminhonetes
MLB191835,Carroceria
MLB5672,Acessórios para Veículos
MLB22693,Peças de Carros e Caminhonetes
MLB190937,Climatização
MLB5672,Acessórios para Veículos
MLB22693,Peças de Carros e Caminhonetes
MLB194786,Eletroventiladores
MLB5672,Acessórios para Veículos
MLB22693,Peças de Carros e Caminhonetes
MLB63532,Escapamentos
MLB5672,Acessórios para Veículos
MLB22693,Peças de Carros e Caminhonetes
MLB22643,Fechaduras e Chaves
MLB5672,Acessórios para Veículos
MLB22693,Peças de Carros e Caminhonetes
MLB191834,Filtros
MLB5672,Acessórios para Veículos
MLB22693,Peças de Carros e Caminhonetes
MLB190973,Ignição
MLB5672,Acessórios para Veículos
MLB22693,Peças de Carros e Caminhonetes
MLB6789,Freios
MLB5672,Acessórios para Veículos
MLB22693,Peças de Carros e Caminhonetes
MLB2228,Iluminação
MLB5672,Acessórios para Veículos
MLB22693,Peças de Carros e Caminhonetes
MLB47112,Injeção
MLB5672,Acessórios para Veículos
MLB22693,Peças de Carros e Caminhonetes
MLB191833,Outros
MLB5672,Acessórios para Veículos
MLB22693,Peças de Carros e Caminhonetes
MLB114766,Motor
MLB5672,Acessórios para Veículos
MLB22693,Peças de Carros e Caminhonetes
MLB114764,Peças de Exterior
MLB5672,Acessórios para Veículos
MLB22693,Peças de Carros e Caminhonetes
MLB194060,Segurança
MLB5672,Acessórios para Veículos
MLB22693,Peças de Carros e Caminhonetes
MLB440216,Sistema Elétrico
MLB5672,Acessórios para Veículos
MLB22693,Peças de Carros e Caminhonetes
MLB3170,Vidros
MLB5672,Acessórios para Veículos
MLB22693,Peças de Carros e Caminhonetes
MLB191836,Transmissão
MLB5672,Acessórios para Veículos
MLB22693,Peças de Carros e Caminhonetes
MLB114765,Peças de Interior
MLB5672,Acessórios para Veículos
MLB22693,Peças de Carros e Caminhonetes
MLB22648,Suspensão e Direção
MLB5672,Acessórios para Veículos
MLB22693,Peças de Carros e Caminhonetes
MLB191835,Carroceria
MLB194703,Almas de Para-choques
MLB5672,Acessórios para Veículos
MLB22693,Peças de Carros e Caminhonetes
MLB191835,Carroceria
MLB252556,Assoalhos
MLB5672,Acessórios para Veículos
MLB22693,Peças de Carros e Caminhonetes
MLB191835,Carroceria
MLB101762,Capôs
MLB5672,Acessórios para Veículos
MLB22693,Peças de Carros e Caminhonetes
MLB191835,Carroceria
MLB194767,Dobradiças
MLB5672,Acessórios para Veículos
MLB22693,Peças de Carros e Caminhonetes
MLB191835,Carroceria
MLB63569,Espelhos Retrovisores e Lentes
MLB5672,Acessórios para Veículos
MLB22693,Peças de Carros e Caminhonetes
MLB191835,Carroceria
MLB447346,Frisos
MLB5672,Acessórios para Veículos
MLB22693,Peças de Carros e Caminhonetes
MLB191835,Carroceria
MLB194704,Grades de Farois de Milha
MLB5672,Acessórios para Veículos
MLB22693,Peças de Carros e Caminhonetes
MLB191835,Carroceria
MLB63736,Grades de Para-choques
MLB5672,Acessórios para Veículos
MLB22693,Peças de Carros e Caminhonetes
MLB191835,Carroceria
MLB269568,Grampos
MLB5672,Acessórios para Veículos
MLB22693,Peças de Carros e Caminhonetes
MLB191835,Carroceria
MLB194298,Outros
MLB5672,Acessórios para Veículos
MLB22693,Peças de Carros e Caminhonetes
MLB191835,Carroceria
MLB22647,Maçanetas de Carros
MLB5672,Acessórios para Veículos
MLB22693,Peças de Carros e Caminhonetes
MLB191835,Carroceria
MLB194789,Parabarros
MLB5672,Acessórios para Veículos
MLB22693,Peças de Carros e Caminhonetes
MLB191835,Carroceria
MLB439485,Para-choques
MLB5672,Acessórios para Veículos
MLB22693,Peças de Carros e Caminhonetes
MLB191835,Carroceria
MLB101764,Pára-Lamas
MLB5672,Acessórios para Veículos
MLB22693,Peças de Carros e Caminhonetes
MLB191835,Carroceria
MLB439487,Portas e Painéis
MLB5672,Acessórios para Veículos
MLB22693,Peças de Carros e Caminhonetes
MLB191835,Carroceria
MLB429458,Quadros de Faróis Dianteiros
MLB5672,Acessórios para Veículos
MLB22693,Peças de Carros e Caminhonetes
MLB191835,Carroceria
MLB46570,Soleiras
MLB5672,Acessórios para Veículos
MLB22693,Peças de Carros e Caminhonetes
MLB191835,Carroceria
MLB271124,Suportes de Estepe
MLB5672,Acessórios para Veículos
MLB22693,Peças de Carros e Caminhonetes
MLB191835,Carroceria
MLB194773,Suportes de Para-choques
MLB5672,Acessórios para Veículos
MLB22693,Peças de Carros e Caminhonetes
MLB191835,Carroceria
MLB194790,Tampas de Porta Mala
MLB5672,Acessórios para Veículos
MLB22693,Peças de Carros e Caminhonetes
MLB190937,Climatização
MLB430747,Botões
MLB5672,Acessórios para Veículos
MLB22693,Peças de Carros e Caminhonetes
MLB191835,Carroceria
MLB439499,Tanques de Combustível
MLB5672,Acessórios para Veículos
MLB22693,Peças de Carros e Caminhonetes
MLB190937,Climatização
MLB190938,Calefação
MLB5672,Acessórios para Veículos
MLB22693,Peças de Carros e Caminhonetes
MLB190937,Climatização
MLB3173,Ar Condicionado
MLB5672,Acessórios para Veículos
MLB22693,Peças de Carros e Caminhonetes
MLB191835,Carroceria
MLB439501,Tetos Solares e Motores
MLB5672,Acessórios para Veículos
MLB22693,Peças de Carros e Caminhonetes
MLB190937,Climatização
MLB430748,Comandos
MLB5672,Acessórios para Veículos
MLB22693,Peças de Carros e Caminhonetes
MLB194786,Eletroventiladores
MLB269576,Defletores
MLB5672,Acessórios para Veículos
MLB22693,Peças de Carros e Caminhonetes
MLB190937,Climatização
MLB190940,Grades de Ventilação
MLB5672,Acessórios para Veículos
MLB22693,Peças de Carros e Caminhonetes
MLB194786,Eletroventiladores
MLB194796,Eletroventiladores Completos
MLB5672,Acessórios para Veículos
MLB22693,Peças de Carros e Caminhonetes
MLB190937,Climatização
MLB190941,Outros
MLB5672,Acessórios para Veículos
MLB22693,Peças de Carros e Caminhonetes
MLB194786,Eletroventiladores
MLB269575,Interruptores
MLB5672,Acessórios para Veículos
MLB22693,Peças de Carros e Caminhonetes
MLB190937,Climatização
MLB430202,Válvulas Torre
MLB5672,Acessórios para Veículos
MLB22693,Peças de Carros e Caminhonetes
MLB194786,Eletroventiladores
MLB194793,Motor Ventilador
MLB5672,Acessórios para Veículos
MLB22693,Peças de Carros e Caminhonetes
MLB63532,Escapamentos
MLB193146,Catalisador
MLB5672,Acessórios para Veículos
MLB22693,Peças de Carros e Caminhonetes
MLB194786,Eletroventiladores
MLB194794,Outros
MLB5672,Acessórios para Veículos
MLB22693,Peças de Carros e Caminhonetes
MLB63532,Escapamentos
MLB7818,Escapamentos Completos
MLB5672,Acessórios para Veículos
MLB22693,Peças de Carros e Caminhonetes
MLB194786,Eletroventiladores
MLB270689,Polias Viscosas
MLB5672,Acessórios para Veículos
MLB22693,Peças de Carros e Caminhonetes
MLB63532,Escapamentos
MLB116902,Outros
MLB5672,Acessórios para Veículos
MLB22693,Peças de Carros e Caminhonetes
MLB22643,Fechaduras e Chaves
MLB190978,Chave de Contato
MLB5672,Acessórios para Veículos
MLB22693,Peças de Carros e Caminhonetes
MLB63532,Escapamentos
MLB193397,Ponteiras
MLB5672,Acessórios para Veículos
MLB22693,Peças de Carros e Caminhonetes
MLB22643,Fechaduras e Chaves
MLB63526,Chaves Telecomando
MLB5672,Acessórios para Veículos
MLB22693,Peças de Carros e Caminhonetes
MLB22643,Fechaduras e Chaves
MLB194432,Cilindro de Ignição
MLB5672,Acessórios para Veículos
MLB22693,Peças de Carros e Caminhonetes
MLB22643,Fechaduras e Chaves
MLB269574,Comutadores de Ignição
MLB5672,Acessórios para Veículos
MLB22693,Peças de Carros e Caminhonetes
MLB22643,Fechaduras e Chaves
MLB194430,Fechadura de Capôs
MLB5672,Acessórios para Veículos
MLB22693,Peças de Carros e Caminhonetes
MLB191834,Filtros
MLB278120,Caixa do Filtro de Ar
MLB5672,Acessórios para Veículos
MLB22693,Peças de Carros e Caminhonetes
MLB22643,Fechaduras e Chaves
MLB194429,Fechaduras de Porta-malas
MLB5672,Acessórios para Veículos
MLB22693,Peças de Carros e Caminhonetes
MLB191834,Filtros
MLB431961,Filtros Hidráulicos
MLB5672,Acessórios para Veículos
MLB22693,Peças de Carros e Caminhonetes
MLB22643,Fechaduras e Chaves
MLB194431,Fechaduras de Portas
MLB5672,Acessórios para Veículos
MLB22693,Peças de Carros e Caminhonetes
MLB191834,Filtros
MLB47119,Filtros de Ar
MLB5672,Acessórios para Veículos
MLB22693,Peças de Carros e Caminhonetes
MLB22643,Fechaduras e Chaves
MLB373349,Fechaduras de Tampas
MLB5672,Acessórios para Veículos
MLB22693,Peças de Carros e Caminhonetes
MLB191834,Filtros
MLB193967,Filtros de Combustível
MLB5672,Acessórios para Veículos
MLB22693,Peças de Carros e Caminhonetes
MLB22643,Fechaduras e Chaves
MLB63528,Outros
MLB5672,Acessórios para Veículos
MLB22693,Peças de Carros e Caminhonetes
MLB6789,Freios
MLB191711,Bomba Depressor
MLB5672,Acessórios para Veículos
MLB22693,Peças de Carros e Caminhonetes
MLB191834,Filtros
MLB431319,Filtros de Gasoil
MLB5672,Acessórios para Veículos
MLB22693,Peças de Carros e Caminhonetes
MLB6789,Freios
MLB191710,Bombas de Freio
MLB5672,Acessórios para Veículos
MLB22693,Peças de Carros e Caminhonetes
MLB191834,Filtros
MLB47120,Filtros de Óleo
MLB5672,Acessórios para Veículos
MLB22693,Peças de Carros e Caminhonetes
MLB6789,Freios
MLB191705,Bulbo de Freio
MLB5672,Acessórios para Veículos
MLB22693,Peças de Carros e Caminhonetes
MLB191834,Filtros
MLB198931,Kits de Filtros
MLB5672,Acessórios para Veículos
MLB22693,Peças de Carros e Caminhonetes
MLB6789,Freios
MLB63815,Cabo do Freio de Mão
MLB5672,Acessórios para Veículos
MLB22693,Peças de Carros e Caminhonetes
MLB191834,Filtros
MLB194016,Outros
MLB5672,Acessórios para Veículos
MLB22693,Peças de Carros e Caminhonetes
MLB6789,Freios
MLB47088,Cilindro de Freio
MLB5672,Acessórios para Veículos
MLB22693,Peças de Carros e Caminhonetes
MLB6789,Freios
MLB269737,Cilindros de Rodas
MLB5672,Acessórios para Veículos
MLB22693,Peças de Carros e Caminhonetes
MLB6789,Freios
MLB47098,Disco de Freios
MLB5672,Acessórios para Veículos
MLB22693,Peças de Carros e Caminhonetes
MLB6789,Freios
MLB63789,Flexíveis
MLB5672,Acessórios para Veículos
MLB22693,Peças de Carros e Caminhonetes
MLB190973,Ignição
MLB22668,Bobina de Ignição
MLB5672,Acessórios para Veículos
MLB22693,Peças de Carros e Caminhonetes
MLB6789,Freios
MLB47100,Kits Completos
MLB5672,Acessórios para Veículos
MLB22693,Peças de Carros e Caminhonetes
MLB190973,Ignição
MLB63806,Cabos de Velas
MLB5672,Acessórios para Veículos
MLB22693,Peças de Carros e Caminhonetes
MLB6789,Freios
MLB47094,Outros
MLB5672,Acessórios para Veículos
MLB22693,Peças de Carros e Caminhonetes
MLB190973,Ignição
MLB190977,Caixa Pré-Aquecimento
MLB5672,Acessórios para Veículos
MLB22693,Peças de Carros e Caminhonetes
MLB6789,Freios
MLB47097,Pastilhas de Freios
MLB5672,Acessórios para Veículos
MLB22693,Peças de Carros e Caminhonetes
MLB6789,Freios
MLB445790,Pinos de Freio
MLB5672,Acessórios para Veículos
MLB22693,Peças de Carros e Caminhonetes
MLB190973,Ignição
MLB190976,Motor de Arranque
MLB5672,Acessórios para Veículos
MLB22693,Peças de Carros e Caminhonetes
MLB6789,Freios
MLB47099,Pinças
MLB5672,Acessórios para Veículos
MLB22693,Peças de Carros e Caminhonetes
MLB190973,Ignição
MLB190975,Módulo de Ignição
MLB5672,Acessórios para Veículos
MLB22693,Peças de Carros e Caminhonetes
MLB190973,Ignição
MLB47085,Distribuidores e Peças
MLB5672,Acessórios para Veículos
MLB22693,Peças de Carros e Caminhonetes
MLB6789,Freios
MLB191706,Pistão de Freio
MLB5672,Acessórios para Veículos
MLB22693,Peças de Carros e Caminhonetes
MLB190973,Ignição
MLB439567,Alternadores e Peças
MLB5672,Acessórios para Veículos
MLB22693,Peças de Carros e Caminhonetes
MLB190973,Ignição
MLB47121,Outros
MLB5672,Acessórios para Veículos
MLB22693,Peças de Carros e Caminhonetes
MLB6789,Freios
MLB432476,Reguladores de Freios
MLB5672,Acessórios para Veículos
MLB22693,Peças de Carros e Caminhonetes
MLB190973,Ignição
MLB22744,Velas
MLB5672,Acessórios para Veículos
MLB22693,Peças de Carros e Caminhonetes
MLB6789,Freios
MLB191704,Reservatório do Liquido
MLB5672,Acessórios para Veículos
MLB22693,Peças de Carros e Caminhonetes
MLB190973,Ignição
MLB430961,Válvulas Solenoides
MLB5672,Acessórios para Veículos
MLB22693,Peças de Carros e Caminhonetes
MLB6789,Freios
MLB191708,Sapata de Freio
MLB5672,Acessórios para Veículos
MLB22693,Peças de Carros e Caminhonetes
MLB6789,Freios
MLB191707,Sensor ABS
MLB5672,Acessórios para Veículos
MLB22693,Peças de Carros e Caminhonetes
MLB6789,Freios
MLB191709,Sensor Pastilhas de Freio
MLB5672,Acessórios para Veículos
MLB22693,Peças de Carros e Caminhonetes
MLB2228,Iluminação
MLB7863,Faróis Dianteiros
MLB5672,Acessórios para Veículos
MLB22693,Peças de Carros e Caminhonetes
MLB6789,Freios
MLB191703,Servo Freio
MLB5672,Acessórios para Veículos
MLB22693,Peças de Carros e Caminhonetes
MLB2228,Iluminação
MLB22645,Faróis Traseiros
MLB5672,Acessórios para Veículos
MLB22693,Peças de Carros e Caminhonetes
MLB6789,Freios
MLB63581,Tambor
MLB5672,Acessórios para Veículos
MLB22693,Peças de Carros e Caminhonetes
MLB47112,Injeção
MLB47132,Atuadores de Marcha Lenta
MLB5672,Acessórios para Veículos
MLB22693,Peças de Carros e Caminhonetes
MLB2228,Iluminação
MLB46659,Faróis de Milha
MLB5672,Acessórios para Veículos
MLB22693,Peças de Carros e Caminhonetes
MLB47112,Injeção
MLB269577,Canos de Injetores
MLB5672,Acessórios para Veículos
MLB22693,Peças de Carros e Caminhonetes
MLB2228,Iluminação
MLB194836,Lanternas de Placas
MLB5672,Acessórios para Veículos
MLB22693,Peças de Carros e Caminhonetes
MLB47112,Injeção
MLB192357,Corpo de Borboleta
MLB5672,Acessórios para Veículos
MLB22693,Peças de Carros e Caminhonetes
MLB47112,Injeção
MLB430587,Economizadores de Combustível
MLB5672,Acessórios para Veículos
MLB22693,Peças de Carros e Caminhonetes
MLB2228,Iluminação
MLB191728,Luz de Freio
MLB5672,Acessórios para Veículos
MLB22693,Peças de Carros e Caminhonetes
MLB47112,Injeção
MLB192359,Flauta do Bico Injetor
MLB5672,Acessórios para Veículos
MLB22693,Peças de Carros e Caminhonetes
MLB2228,Iluminação
MLB191727,Lâmpadas
MLB5672,Acessórios para Veículos
MLB22693,Peças de Carros e Caminhonetes
MLB47112,Injeção
MLB192566,Injetores
MLB5672,Acessórios para Veículos
MLB22693,Peças de Carros e Caminhonetes
MLB2228,Iluminação
MLB191726,Outros
MLB5672,Acessórios para Veículos
MLB22693,Peças de Carros e Caminhonetes
MLB47112,Injeção
MLB431764,Kits de Engrenagens Borboleta
MLB5672,Acessórios para Veículos
MLB22693,Peças de Carros e Caminhonetes
MLB2228,Iluminação
MLB22735,Pisca Pisca
MLB5672,Acessórios para Veículos
MLB22693,Peças de Carros e Caminhonetes
MLB2228,Iluminação
MLB22698,Lentes
MLB5672,Acessórios para Veículos
MLB22693,Peças de Carros e Caminhonetes
MLB47112,Injeção
MLB192572,Modulo Injeção
MLB5672,Acessórios para Veículos
MLB22693,Peças de Carros e Caminhonetes
MLB2228,Iluminação
MLB428943,Refletores Olho de Gato
MLB5672,Acessórios para Veículos
MLB22693,Peças de Carros e Caminhonetes
MLB47112,Injeção
MLB116938,Outros
MLB5672,Acessórios para Veículos
MLB22693,Peças de Carros e Caminhonetes
MLB47112,Injeção
MLB192360,Regulador de Pressão
MLB5672,Acessórios para Veículos
MLB22693,Peças de Carros e Caminhonetes
MLB114766,Motor
MLB45880,Carburadores
MLB5672,Acessórios para Veículos
MLB22693,Peças de Carros e Caminhonetes
MLB114766,Motor
MLB63735,Coletor de Escapamento
MLB5672,Acessórios para Veículos
MLB22693,Peças de Carros e Caminhonetes
MLB47112,Injeção
MLB192358,Sonda Lambda
MLB5672,Acessórios para Veículos
MLB22693,Peças de Carros e Caminhonetes
MLB114766,Motor
MLB47110,Coletores de Admissão
MLB5672,Acessórios para Veículos
MLB22693,Peças de Carros e Caminhonetes
MLB47112,Injeção
MLB270896,Vapor de Gasolina
MLB5672,Acessórios para Veículos
MLB22693,Peças de Carros e Caminhonetes
MLB114766,Motor
MLB22716,Cabos de Comando
MLB5672,Acessórios para Veículos
MLB22693,Peças de Carros e Caminhonetes
MLB47112,Injeção
MLB192361,Válvula EGR
MLB5672,Acessórios para Veículos
MLB22693,Peças de Carros e Caminhonetes
MLB114766,Motor
MLB22711,Bombas
MLB5672,Acessórios para Veículos
MLB22693,Peças de Carros e Caminhonetes
MLB47112,Injeção
MLB431174,Válvulas Canister
MLB5672,Acessórios para Veículos
MLB22693,Peças de Carros e Caminhonetes
MLB114766,Motor
MLB193902,Coxins de Motor
MLB5672,Acessórios para Veículos
MLB22693,Peças de Carros e Caminhonetes
MLB114766,Motor
MLB193148,Correias
MLB5672,Acessórios para Veículos
MLB22693,Peças de Carros e Caminhonetes
MLB114766,Motor
MLB193478,Juntas
MLB5672,Acessórios para Veículos
MLB22693,Peças de Carros e Caminhonetes
MLB114764,Peças de Exterior
MLB194779,Amortecedores a Gás
MLB5672,Acessórios para Veículos
MLB22693,Peças de Carros e Caminhonetes
MLB114766,Motor
MLB440354,Kits de Motor
MLB5672,Acessórios para Veículos
MLB22693,Peças de Carros e Caminhonetes
MLB114766,Motor
MLB194024,Mangueira Intercooler
MLB5672,Acessórios para Veículos
MLB22693,Peças de Carros e Caminhonetes
MLB114766,Motor
MLB3172,Componentes de Motor
MLB5672,Acessórios para Veículos
MLB22693,Peças de Carros e Caminhonetes
MLB114766,Motor
MLB193933,Mangueiras de Admissão
MLB5672,Acessórios para Veículos
MLB22693,Peças de Carros e Caminhonetes
MLB114764,Peças de Exterior
MLB440315,Antenas
MLB5672,Acessórios para Veículos
MLB22693,Peças de Carros e Caminhonetes
MLB114766,Motor
MLB47133,Motor completo
MLB5672,Acessórios para Veículos
MLB22693,Peças de Carros e Caminhonetes
MLB114764,Peças de Exterior
MLB432913,Bicos para Válvulas de Pneus
MLB5672,Acessórios para Veículos
MLB22693,Peças de Carros e Caminhonetes
MLB114766,Motor
MLB2232,Outros
MLB5672,Acessórios para Veículos
MLB22693,Peças de Carros e Caminhonetes
MLB47112,Injeção
MLB192367,Sensores
MLB5672,Acessórios para Veículos
MLB22693,Peças de Carros e Caminhonetes
MLB114764,Peças de Exterior
MLB191717,Borrachas
MLB5672,Acessórios para Veículos
MLB22693,Peças de Carros e Caminhonetes
MLB114764,Peças de Exterior
MLB432952,Braços Limpavidros Traseiros
MLB5672,Acessórios para Veículos
MLB22693,Peças de Carros e Caminhonetes
MLB114766,Motor
MLB193934,Polia de Virabrequim
MLB5672,Acessórios para Veículos
MLB22693,Peças de Carros e Caminhonetes
MLB114764,Peças de Exterior
MLB63583,Braços de Limpa Para-brisas
MLB5672,Acessórios para Veículos
MLB22693,Peças de Carros e Caminhonetes
MLB114766,Motor
MLB455486,Protetores Laterais de Motor
MLB5672,Acessórios para Veículos
MLB22693,Peças de Carros e Caminhonetes
MLB114764,Peças de Exterior
MLB2221,Buzinas
MLB5672,Acessórios para Veículos
MLB22693,Peças de Carros e Caminhonetes
MLB114764,Peças de Exterior
MLB251641,Capas de Porca
MLB5672,Acessórios para Veículos
MLB22693,Peças de Carros e Caminhonetes
MLB114766,Motor
MLB193149,Distribuição
MLB5672,Acessórios para Veículos
MLB22693,Peças de Carros e Caminhonetes
MLB114766,Motor
MLB193992,Retentores
MLB5672,Acessórios para Veículos
MLB22693,Peças de Carros e Caminhonetes
MLB114766,Motor
MLB193937,Sensor de Temperatura
MLB5672,Acessórios para Veículos
MLB22693,Peças de Carros e Caminhonetes
MLB114764,Peças de Exterior
MLB22714,Emblemas
MLB5672,Acessórios para Veículos
MLB22693,Peças de Carros e Caminhonetes
MLB114766,Motor
MLB193938,Sensor de Temperatura de Ar
MLB5672,Acessórios para Veículos
MLB22693,Peças de Carros e Caminhonetes
MLB114764,Peças de Exterior
MLB194702,Forros de Capô
MLB5672,Acessórios para Veículos
MLB22693,Peças de Carros e Caminhonetes
MLB114766,Motor
MLB193936,Sensor de Óleo
MLB5672,Acessórios para Veículos
MLB22693,Peças de Carros e Caminhonetes
MLB114764,Peças de Exterior
MLB63512,Motor Limpador Para-brisas
MLB5672,Acessórios para Veículos
MLB22693,Peças de Carros e Caminhonetes
MLB114766,Motor
MLB194169,Tampa de Óleo
MLB5672,Acessórios para Veículos
MLB22693,Peças de Carros e Caminhonetes
MLB114765,Peças de Interior
MLB439544,Acendedores
MLB5672,Acessórios para Veículos
MLB22693,Peças de Carros e Caminhonetes
MLB114764,Peças de Exterior
MLB114768,Outros
MLB5672,Acessórios para Veículos
MLB22693,Peças de Carros e Caminhonetes
MLB114764,Peças de Exterior
MLB63484,Palhetas
MLB5672,Acessórios para Veículos
MLB22693,Peças de Carros e Caminhonetes
MLB114766,Motor
MLB430954,Tampas Protetoras de Motor
MLB5672,Acessórios para Veículos
MLB22693,Peças de Carros e Caminhonetes
MLB114765,Peças de Interior
MLB63743,Alavanca Freio de Mão
MLB5672,Acessórios para Veículos
MLB22693,Peças de Carros e Caminhonetes
MLB114765,Peças de Interior
MLB46679,Alavancas e Manoplas
MLB5672,Acessórios para Veículos
MLB22693,Peças de Carros e Caminhonetes
MLB114766,Motor
MLB47113,Turbinas
MLB5672,Acessórios para Veículos
MLB22693,Peças de Carros e Caminhonetes
MLB114764,Peças de Exterior
MLB271145,Parafusos Prisioneiros
MLB5672,Acessórios para Veículos
MLB22693,Peças de Carros e Caminhonetes
MLB114766,Motor
MLB193935,Vareta Nível de Óleo
MLB5672,Acessórios para Veículos
MLB22693,Peças de Carros e Caminhonetes
MLB114764,Peças de Exterior
MLB63746,Reservatório de Para-brisas
MLB5672,Acessórios para Veículos
MLB22693,Peças de Carros e Caminhonetes
MLB114765,Peças de Interior
MLB192364,Apoio de Cabeças
MLB5672,Acessórios para Veículos
MLB22693,Peças de Carros e Caminhonetes
MLB114766,Motor
MLB277922,Válvulas Solenóides
MLB5672,Acessórios para Veículos
MLB22693,Peças de Carros e Caminhonetes
MLB114764,Peças de Exterior
MLB431962,Sensores TPMS
MLB5672,Acessórios para Veículos
MLB22693,Peças de Carros e Caminhonetes
MLB114765,Peças de Interior
MLB31156,Apoios de Braço
MLB5672,Acessórios para Veículos
MLB22693,Peças de Carros e Caminhonetes
MLB194060,Segurança
MLB47007,Air Bags
MLB5672,Acessórios para Veículos
MLB22693,Peças de Carros e Caminhonetes
MLB114765,Peças de Interior
MLB46723,Bancos
MLB5672,Acessórios para Veículos
MLB22693,Peças de Carros e Caminhonetes
MLB194060,Segurança
MLB194062,Cintos de Segurança
MLB5672,Acessórios para Veículos
MLB22693,Peças de Carros e Caminhonetes
MLB114765,Peças de Interior
MLB435059,Botões de Volante
MLB5672,Acessórios para Veículos
MLB22693,Peças de Carros e Caminhonetes
MLB194060,Segurança
MLB194203,Módulo Air Bag
MLB5672,Acessórios para Veículos
MLB22693,Peças de Carros e Caminhonetes
MLB194060,Segurança
MLB194061,Outros
MLB5672,Acessórios para Veículos
MLB22693,Peças de Carros e Caminhonetes
MLB114766,Motor
MLB47109,Radiadores
MLB5672,Acessórios para Veículos
MLB22693,Peças de Carros e Caminhonetes
MLB440216,Sistema Elétrico
MLB431130,Instalações Elétricas
MLB5672,Acessórios para Veículos
MLB22693,Peças de Carros e Caminhonetes
MLB440216,Sistema Elétrico
MLB431318,Modulos de Fusiveis
MLB5672,Acessórios para Veículos
MLB22693,Peças de Carros e Caminhonetes
MLB114765,Peças de Interior
MLB22685,Cinzeiros
MLB5672,Acessórios para Veículos
MLB22693,Peças de Carros e Caminhonetes
MLB440216,Sistema Elétrico
MLB433652,Outros
MLB5672,Acessórios para Veículos
MLB22693,Peças de Carros e Caminhonetes
MLB114765,Peças de Interior
MLB260620,Coifas de Câmbio
MLB5672,Acessórios para Veículos
MLB22693,Peças de Carros e Caminhonetes
MLB22648,Suspensão e Direção
MLB417192,Acoplamentos de Direção
MLB5672,Acessórios para Veículos
MLB22693,Peças de Carros e Caminhonetes
MLB191836,Transmissão
MLB194750,Caixa de Redução
MLB5672,Acessórios para Veículos
MLB22693,Peças de Carros e Caminhonetes
MLB114765,Peças de Interior
MLB194768,Cabos
MLB5672,Acessórios para Veículos
MLB22693,Peças de Carros e Caminhonetes
MLB22648,Suspensão e Direção
MLB22709,Amortecedores
MLB5672,Acessórios para Veículos
MLB22693,Peças de Carros e Caminhonetes
MLB114765,Peças de Interior
MLB22704,Consoles
MLB5672,Acessórios para Veículos
MLB22693,Peças de Carros e Caminhonetes
MLB191836,Transmissão
MLB194751,Caixa de Transferência
MLB5672,Acessórios para Veículos
MLB22693,Peças de Carros e Caminhonetes
MLB114765,Peças de Interior
MLB2235,Câmbio
MLB5672,Acessórios para Veículos
MLB22693,Peças de Carros e Caminhonetes
MLB191836,Transmissão
MLB194743,Cardan
MLB5672,Acessórios para Veículos
MLB22693,Peças de Carros e Caminhonetes
MLB114765,Peças de Interior
MLB47102,Difusores de Ar
MLB5672,Acessórios para Veículos
MLB22693,Peças de Carros e Caminhonetes
MLB22648,Suspensão e Direção
MLB421345,Barras Axiais
MLB5672,Acessórios para Veículos
MLB22693,Peças de Carros e Caminhonetes
MLB114765,Peças de Interior
MLB373149,Displays Multifuncionais
MLB5672,Acessórios para Veículos
MLB22693,Peças de Carros e Caminhonetes
MLB3170,Vidros
MLB45541,Outros
MLB5672,Acessórios para Veículos
MLB22693,Peças de Carros e Caminhonetes
MLB114765,Peças de Interior
MLB430536,Espelhos Retrovisores Internos
MLB5672,Acessórios para Veículos
MLB22693,Peças de Carros e Caminhonetes
MLB191836,Transmissão
MLB63822,Diferenciais
MLB5672,Acessórios para Veículos
MLB22693,Peças de Carros e Caminhonetes
MLB3170,Vidros
MLB63507,Para-brisas
MLB5672,Acessórios para Veículos
MLB22693,Peças de Carros e Caminhonetes
MLB114765,Peças de Interior
MLB431271,Forros de Portas
MLB5672,Acessórios para Veículos
MLB22693,Peças de Carros e Caminhonetes
MLB3170,Vidros
MLB191712,Quebra Vento
MLB5672,Acessórios para Veículos
MLB22693,Peças de Carros e Caminhonetes
MLB191836,Transmissão
MLB271698,Eixes de Transmissão
MLB5672,Acessórios para Veículos
MLB22693,Peças de Carros e Caminhonetes
MLB22648,Suspensão e Direção
MLB193623,Batentes
MLB5672,Acessórios para Veículos
MLB22693,Peças de Carros e Caminhonetes
MLB22648,Suspensão e Direção
MLB214538,Bandejas e Braços de Suspensão
MLB5672,Acessórios para Veículos
MLB22693,Peças de Carros e Caminhonetes
MLB114765,Peças de Interior
MLB277543,Forros do Teto
MLB5672,Acessórios para Veículos
MLB22693,Peças de Carros e Caminhonetes
MLB22648,Suspensão e Direção
MLB193476,Bieletas
MLB5672,Acessórios para Veículos
MLB22693,Peças de Carros e Caminhonetes
MLB114765,Peças de Interior
MLB2222,Chaves e Botões
MLB5672,Acessórios para Veículos
MLB22693,Peças de Carros e Caminhonetes
MLB191836,Transmissão
MLB194769,Outros
MLB5672,Acessórios para Veículos
MLB22693,Peças de Carros e Caminhonetes
MLB114765,Peças de Interior
MLB22747,Luzes Internas
MLB5672,Acessórios para Veículos
MLB22693,Peças de Carros e Caminhonetes
MLB22648,Suspensão e Direção
MLB421302,Bolsas de Ar
MLB5672,Acessórios para Veículos
MLB22693,Peças de Carros e Caminhonetes
MLB3170,Vidros
MLB63491,Vidros Laterais
MLB5672,Acessórios para Veículos
MLB22693,Peças de Carros e Caminhonetes
MLB191836,Transmissão
MLB194804,Retentor do Rolamento
MLB5672,Acessórios para Veículos
MLB22693,Peças de Carros e Caminhonetes
MLB114765,Peças de Interior
MLB63530,Manopla de Câmbio
MLB5672,Acessórios para Veículos
MLB22693,Peças de Carros e Caminhonetes
MLB22648,Suspensão e Direção
MLB373434,Bombas Eletrohidráulicas
MLB5672,Acessórios para Veículos
MLB22693,Peças de Carros e Caminhonetes
MLB3170,Vidros
MLB63492,Vidros Traseiros
MLB5672,Acessórios para Veículos
MLB22693,Peças de Carros e Caminhonetes
MLB191836,Transmissão
MLB47128,Câmbios
MLB5672,Acessórios para Veículos
MLB22693,Peças de Carros e Caminhonetes
MLB22648,Suspensão e Direção
MLB193477,Buchas
MLB5672,Acessórios para Veículos
MLB22693,Peças de Carros e Caminhonetes
MLB114765,Peças de Interior
MLB433573,Maçanetas de Capô
MLB5672,Acessórios para Veículos
MLB22693,Peças de Carros e Caminhonetes
MLB22648,Suspensão e Direção
MLB417207,Barras e Peças
MLB5672,Acessórios para Veículos
MLB22693,Peças de Carros e Caminhonetes
MLB3170,Vidros
MLB63490,Sistemas de Elevação
MLB5672,Acessórios para Veículos
MLB22693,Peças de Carros e Caminhonetes
MLB22648,Suspensão e Direção
MLB271583,Coifa Homocinetica
MLB5672,Acessórios para Veículos
MLB22693,Peças de Carros e Caminhonetes
MLB114765,Peças de Interior
MLB192366,Miolos de Volante
MLB5672,Acessórios para Veículos
MLB22693,Peças de Carros e Caminhonetes
MLB22648,Suspensão e Direção
MLB270881,Colunas de Direção
MLB5672,Acessórios para Veículos
MLB22693,Peças de Carros e Caminhonetes
MLB114765,Peças de Interior
MLB114767,Outros
MLB5672,Acessórios para Veículos
MLB22693,Peças de Carros e Caminhonetes
MLB191836,Transmissão
MLB440324,Rolamentos e Semi Eixos
MLB5672,Acessórios para Veículos
MLB22693,Peças de Carros e Caminhonetes
MLB114765,Peças de Interior
MLB47089,Painéis Completos
MLB5672,Acessórios para Veículos
MLB22693,Peças de Carros e Caminhonetes
MLB22648,Suspensão e Direção
MLB194154,Coxim Amortecedor
MLB5672,Acessórios para Veículos
MLB22693,Peças de Carros e Caminhonetes
MLB191836,Transmissão
MLB271109,Tampas de Diferencial
MLB5672,Acessórios para Veículos
MLB22693,Peças de Carros e Caminhonetes
MLB22648,Suspensão e Direção
MLB277577,Cruzeta Coluna de Direção
MLB5672,Acessórios para Veículos
MLB22693,Peças de Carros e Caminhonetes
MLB191836,Transmissão
MLB431040,Trizetas
MLB5672,Acessórios para Veículos
MLB22693,Peças de Carros e Caminhonetes
MLB22648,Suspensão e Direção
MLB193419,Cubo de Roda
MLB5672,Acessórios para Veículos
MLB22693,Peças de Carros e Caminhonetes
MLB191836,Transmissão
MLB432521,Seletoras e Cabos
MLB5672,Acessórios para Veículos
MLB22693,Peças de Carros e Caminhonetes
MLB114765,Peças de Interior
MLB22701,Quebra Sóis
MLB5672,Acessórios para Veículos
MLB22693,Peças de Carros e Caminhonetes
MLB114765,Peças de Interior
MLB432458,Tampas da Caixas de Fusíveis
MLB5672,Acessórios para Veículos
MLB22693,Peças de Carros e Caminhonetes
MLB22648,Suspensão e Direção
MLB456200,Feixes de Mola
MLB5672,Acessórios para Veículos
MLB22693,Peças de Carros e Caminhonetes
MLB191836,Transmissão
MLB22713,Embreagens
MLB5672,Acessórios para Veículos
MLB22693,Peças de Carros e Caminhonetes
MLB114765,Peças de Interior
MLB63389,Tampões
MLB5672,Acessórios para Veículos
MLB22693,Peças de Carros e Caminhonetes
MLB22648,Suspensão e Direção
MLB430738,Interruptores de Direção
MLB5672,Acessórios para Veículos
MLB22693,Peças de Carros e Caminhonetes
MLB114765,Peças de Interior
MLB116012,Volantes
MLB5672,Acessórios para Veículos
MLB22693,Peças de Carros e Caminhonetes
MLB22648,Suspensão e Direção
MLB432886,Junções de Direção
MLB5672,Acessórios para Veículos
MLB22693,Peças de Carros e Caminhonetes
MLB22648,Suspensão e Direção
MLB116703,Kits Completos Amortecedores
MLB5672,Acessórios para Veículos
MLB22693,Peças de Carros e Caminhonetes
MLB22648,Suspensão e Direção
MLB447221,Kits de Direção Hidráulica
MLB5672,Acessórios para Veículos
MLB22693,Peças de Carros e Caminhonetes
MLB114765,Peças de Interior
MLB431497,Pedais
MLB5672,Acessórios para Veículos
MLB22693,Peças de Carros e Caminhonetes
MLB22648,Suspensão e Direção
MLB277942,Mangas de Eixo
MLB5672,Acessórios para Veículos
MLB22693,Peças de Carros e Caminhonetes
MLB114765,Peças de Interior
MLB439677,Porta-Luvas
MLB5672,Acessórios para Veículos
MLB22693,Peças de Carros e Caminhonetes
MLB22648,Suspensão e Direção
MLB193530,Molas
MLB5672,Acessórios para Veículos
MLB22693,Peças de Carros e Caminhonetes
MLB22648,Suspensão e Direção
MLB456201,Direção Hidráulica
MLB5672,Acessórios para Veículos
MLB22693,Peças de Carros e Caminhonetes
MLB22648,Suspensão e Direção
MLB193613,Outros
MLB5672,Acessórios para Veículos
MLB22693,Peças de Carros e Caminhonetes
MLB22648,Suspensão e Direção
MLB194135,Pivô Balança Bandeja
MLB5672,Acessórios para Veículos
MLB22693,Peças de Carros e Caminhonetes
MLB22648,Suspensão e Direção
MLB264020,Ponta de Eixo
MLB5672,Acessórios para Veículos
MLB22693,Peças de Carros e Caminhonetes
MLB22648,Suspensão e Direção
MLB277962,Quadros de Suspensão
MLB5672,Acessórios para Veículos
MLB22693,Peças de Carros e Caminhonetes
MLB22648,Suspensão e Direção
MLB375065,Retentores de Roda
MLB5672,Acessórios para Veículos
MLB22693,Peças de Carros e Caminhonetes
MLB22648,Suspensão e Direção
MLB375066,Retentores de Semi Eixo
MLB5672,Acessórios para Veículos
MLB22693,Peças de Carros e Caminhonetes
MLB22648,Suspensão e Direção
MLB63829,Rolamentos
MLB5672,Acessórios para Veículos
MLB22693,Peças de Carros e Caminhonetes
MLB22648,Suspensão e Direção
MLB194168,Terminal Ponteira de Direção
MLB5672,Acessórios para Veículos
MLB22693,Peças de Carros e Caminhonetes
MLB22648,Suspensão e Direção
MLB194817,Semi Eixo e Homocinéticas
MLB5672,Acessórios para Veículos
MLB22693,Peças de Carros e Caminhonetes
MLB191835,Carroceria
MLB194767,Dobradiças
MLB194800,Dobradiças da Porta
MLB5672,Acessórios para Veículos
MLB22693,Peças de Carros e Caminhonetes
MLB191835,Carroceria
MLB194767,Dobradiças
MLB194775,Dobradiças da Porta Mala
MLB5672,Acessórios para Veículos
MLB22693,Peças de Carros e Caminhonetes
MLB191835,Carroceria
MLB194767,Dobradiças
MLB194777,Dobradiças do Capô
MLB5672,Acessórios para Veículos
MLB22693,Peças de Carros e Caminhonetes
MLB191835,Carroceria
MLB194767,Dobradiças
MLB194774,Outros
MLB5672,Acessórios para Veículos
MLB22693,Peças de Carros e Caminhonetes
MLB191835,Carroceria
MLB63569,Espelhos Retrovisores e Lentes
MLB191716,Capas para Espelhos Laterais
MLB5672,Acessórios para Veículos
MLB22693,Peças de Carros e Caminhonetes
MLB191835,Carroceria
MLB63569,Espelhos Retrovisores e Lentes
MLB63846,Espelhos Retrovisores Laterais
MLB5672,Acessórios para Veículos
MLB22693,Peças de Carros e Caminhonetes
MLB191835,Carroceria
MLB63569,Espelhos Retrovisores e Lentes
MLB63851,Lentes para Espelhos Laterais
MLB5672,Acessórios para Veículos
MLB22693,Peças de Carros e Caminhonetes
MLB191835,Carroceria
MLB63569,Espelhos Retrovisores e Lentes
MLB63852,Outros
MLB5672,Acessórios para Veículos
MLB22693,Peças de Carros e Caminhonetes
MLB191835,Carroceria
MLB447346,Frisos
MLB447349,Frisos para Faróis
MLB5672,Acessórios para Veículos
MLB22693,Peças de Carros e Caminhonetes
MLB191835,Carroceria
MLB447346,Frisos
MLB447348,Frisos para Janelas
MLB5672,Acessórios para Veículos
MLB22693,Peças de Carros e Caminhonetes
MLB191835,Carroceria
MLB447346,Frisos
MLB63737,Frisos para Portas
MLB5672,Acessórios para Veículos
MLB22693,Peças de Carros e Caminhonetes
MLB191835,Carroceria
MLB447346,Frisos
MLB447347,Outros
MLB5672,Acessórios para Veículos
MLB22693,Peças de Carros e Caminhonetes
MLB191835,Carroceria
MLB22647,Maçanetas de Carros
MLB428984,Manivela Vidros
MLB5672,Acessórios para Veículos
MLB22693,Peças de Carros e Caminhonetes
MLB191835,Carroceria
MLB22647,Maçanetas de Carros
MLB428983,Maçanetas para Portas
MLB5672,Acessórios para Veículos
MLB22693,Peças de Carros e Caminhonetes
MLB191835,Carroceria
MLB22647,Maçanetas de Carros
MLB428985,Outros
MLB5672,Acessórios para Veículos
MLB22693,Peças de Carros e Caminhonetes
MLB191835,Carroceria
MLB22647,Maçanetas de Carros
MLB22748,Para Janela
MLB5672,Acessórios para Veículos
MLB22693,Peças de Carros e Caminhonetes
MLB191835,Carroceria
MLB439485,Para-choques
MLB439486,Outros
MLB5672,Acessórios para Veículos
MLB22693,Peças de Carros e Caminhonetes
MLB191835,Carroceria
MLB439485,Para-choques
MLB63801,Pára-choques Dianteiros
MLB5672,Acessórios para Veículos
MLB22693,Peças de Carros e Caminhonetes
MLB191835,Carroceria
MLB439485,Para-choques
MLB63586,Pára-choques Traseiros
MLB5672,Acessórios para Veículos
MLB22693,Peças de Carros e Caminhonetes
MLB191835,Carroceria
MLB439487,Portas e Painéis
MLB439507,Outros
MLB5672,Acessórios para Veículos
MLB22693,Peças de Carros e Caminhonetes
MLB191835,Carroceria
MLB439487,Portas e Painéis
MLB194739,Painéis Frontais
MLB5672,Acessórios para Veículos
MLB22693,Peças de Carros e Caminhonetes
MLB191835,Carroceria
MLB439487,Portas e Painéis
MLB46703,Painéis Laterais
MLB5672,Acessórios para Veículos
MLB22693,Peças de Carros e Caminhonetes
MLB191835,Carroceria
MLB439487,Portas e Painéis
MLB270152,Painéis Traseiros
MLB5672,Acessórios para Veículos
MLB22693,Peças de Carros e Caminhonetes
MLB191835,Carroceria
MLB439487,Portas e Painéis
MLB101763,Portas
MLB5672,Acessórios para Veículos
MLB22693,Peças de Carros e Caminhonetes
MLB191835,Carroceria
MLB439487,Portas e Painéis
MLB101765,Tampas Traseiras de Caçamba
MLB5672,Acessórios para Veículos
MLB22693,Peças de Carros e Caminhonetes
MLB190937,Climatização
MLB3173,Ar Condicionado
MLB190957,Bobina Compressor
MLB5672,Acessórios para Veículos
MLB22693,Peças de Carros e Caminhonetes
MLB190937,Climatização
MLB3173,Ar Condicionado
MLB60608,Compressores
MLB5672,Acessórios para Veículos
MLB22693,Peças de Carros e Caminhonetes
MLB190937,Climatização
MLB3173,Ar Condicionado
MLB190953,Condensadores
MLB5672,Acessórios para Veículos
MLB22693,Peças de Carros e Caminhonetes
MLB190937,Climatização
MLB3173,Ar Condicionado
MLB439540,Eletroventiladores
MLB5672,Acessórios para Veículos
MLB22693,Peças de Carros e Caminhonetes
MLB191835,Carroceria
MLB439499,Tanques de Combustível
MLB47117,Bóias de Combustível
MLB5672,Acessórios para Veículos
MLB22693,Peças de Carros e Caminhonetes
MLB190937,Climatização
MLB3173,Ar Condicionado
MLB63420,Filtro Desidratador
MLB5672,Acessórios para Veículos
MLB22693,Peças de Carros e Caminhonetes
MLB191835,Carroceria
MLB439499,Tanques de Combustível
MLB439500,Outros
MLB5672,Acessórios para Veículos
MLB22693,Peças de Carros e Caminhonetes
MLB190937,Climatização
MLB3173,Ar Condicionado
MLB431759,Juntas para Compressor
MLB5672,Acessórios para Veículos
MLB22693,Peças de Carros e Caminhonetes
MLB191835,Carroceria
MLB439499,Tanques de Combustível
MLB431133,Pré Filtros
MLB5672,Acessórios para Veículos
MLB22693,Peças de Carros e Caminhonetes
MLB191835,Carroceria
MLB439499,Tanques de Combustível
MLB188061,Tampas de Combustível
MLB5672,Acessórios para Veículos
MLB22693,Peças de Carros e Caminhonetes
MLB190937,Climatização
MLB3173,Ar Condicionado
MLB60610,Kit Completo
MLB5672,Acessórios para Veículos
MLB22693,Peças de Carros e Caminhonetes
MLB191835,Carroceria
MLB439499,Tanques de Combustível
MLB194752,Tanques de Combustível
MLB5672,Acessórios para Veículos
MLB22693,Peças de Carros e Caminhonetes
MLB190937,Climatização
MLB3173,Ar Condicionado
MLB116505,Mangueiras
MLB5672,Acessórios para Veículos
MLB22693,Peças de Carros e Caminhonetes
MLB190937,Climatização
MLB190938,Calefação
MLB190945,Mangueiras de Calefação
MLB5672,Acessórios para Veículos
MLB22693,Peças de Carros e Caminhonetes
MLB190937,Climatização
MLB190938,Calefação
MLB190942,Motor de Calefação
MLB5672,Acessórios para Veículos
MLB22693,Peças de Carros e Caminhonetes
MLB190937,Climatização
MLB3173,Ar Condicionado
MLB60667,Outros
MLB5672,Acessórios para Veículos
MLB22693,Peças de Carros e Caminhonetes
MLB190937,Climatização
MLB3173,Ar Condicionado
MLB190954,Painel Evaporador
MLB5672,Acessórios para Veículos
MLB22693,Peças de Carros e Caminhonetes
MLB190937,Climatização
MLB190938,Calefação
MLB190946,Outros
MLB5672,Acessórios para Veículos
MLB22693,Peças de Carros e Caminhonetes
MLB190937,Climatização
MLB190938,Calefação
MLB190944,Radiador de Calefação
MLB5672,Acessórios para Veículos
MLB22693,Peças de Carros e Caminhonetes
MLB190937,Climatização
MLB3173,Ar Condicionado
MLB190956,Pressostato
MLB5672,Acessórios para Veículos
MLB22693,Peças de Carros e Caminhonetes
MLB190937,Climatização
MLB190938,Calefação
MLB190943,Válvula de Calefação
MLB5672,Acessórios para Veículos
MLB22693,Peças de Carros e Caminhonetes
MLB190937,Climatização
MLB3173,Ar Condicionado
MLB432880,Rolamentos para Compressor
MLB5672,Acessórios para Veículos
MLB22693,Peças de Carros e Caminhonetes
MLB190937,Climatização
MLB3173,Ar Condicionado
MLB116536,Suporte
MLB5672,Acessórios para Veículos
MLB22693,Peças de Carros e Caminhonetes
MLB190937,Climatização
MLB3173,Ar Condicionado
MLB190955,Válvula de Expansão
MLB5672,Acessórios para Veículos
MLB22693,Peças de Carros e Caminhonetes
MLB191835,Carroceria
MLB439501,Tetos Solares e Motores
MLB439504,Cabos de Tetos Solares
MLB5672,Acessórios para Veículos
MLB22693,Peças de Carros e Caminhonetes
MLB191835,Carroceria
MLB439501,Tetos Solares e Motores
MLB439503,Mecanismos de Tetos Solares
MLB5672,Acessórios para Veículos
MLB22693,Peças de Carros e Caminhonetes
MLB191835,Carroceria
MLB439501,Tetos Solares e Motores
MLB192355,Motor Teto Solar
MLB5672,Acessórios para Veículos
MLB22693,Peças de Carros e Caminhonetes
MLB191835,Carroceria
MLB439501,Tetos Solares e Motores
MLB439502,Outros
MLB5672,Acessórios para Veículos
MLB22693,Peças de Carros e Caminhonetes
MLB191835,Carroceria
MLB439501,Tetos Solares e Motores
MLB194778,Tetos Solares
MLB5672,Acessórios para Veículos
MLB22693,Peças de Carros e Caminhonetes
MLB190973,Ignição
MLB439567,Alternadores e Peças
MLB47131,Alternadores
MLB5672,Acessórios para Veículos
MLB22693,Peças de Carros e Caminhonetes
MLB190973,Ignição
MLB439567,Alternadores e Peças
MLB439574,Conversores de Voltagem
MLB5672,Acessórios para Veículos
MLB22693,Peças de Carros e Caminhonetes
MLB190973,Ignição
MLB439567,Alternadores e Peças
MLB432314,Estatores
MLB5672,Acessórios para Veículos
MLB22693,Peças de Carros e Caminhonetes
MLB190973,Ignição
MLB47085,Distribuidores e Peças
MLB431949,Avanços a Vácuo
MLB5672,Acessórios para Veículos
MLB22693,Peças de Carros e Caminhonetes
MLB190973,Ignição
MLB439567,Alternadores e Peças
MLB439571,Outros
MLB5672,Acessórios para Veículos
MLB22693,Peças de Carros e Caminhonetes
MLB190973,Ignição
MLB47085,Distribuidores e Peças
MLB431956,Bobinas Impulsoras
MLB5672,Acessórios para Veículos
MLB22693,Peças de Carros e Caminhonetes
MLB190973,Ignição
MLB439567,Alternadores e Peças
MLB194835,Polias de Alternador
MLB5672,Acessórios para Veículos
MLB22693,Peças de Carros e Caminhonetes
MLB190973,Ignição
MLB47085,Distribuidores e Peças
MLB270146,Distribuidores
MLB5672,Acessórios para Veículos
MLB22693,Peças de Carros e Caminhonetes
MLB190973,Ignição
MLB439567,Alternadores e Peças
MLB439570,Porta Escovas
MLB5672,Acessórios para Veículos
MLB22693,Peças de Carros e Caminhonetes
MLB190973,Ignição
MLB47085,Distribuidores e Peças
MLB270210,Kits de Ignição
MLB5672,Acessórios para Veículos
MLB22693,Peças de Carros e Caminhonetes
MLB190973,Ignição
MLB439567,Alternadores e Peças
MLB439568,Reguladores de Voltagem
MLB5672,Acessórios para Veículos
MLB22693,Peças de Carros e Caminhonetes
MLB190973,Ignição
MLB47085,Distribuidores e Peças
MLB271131,Outros
MLB5672,Acessórios para Veículos
MLB22693,Peças de Carros e Caminhonetes
MLB190973,Ignição
MLB47085,Distribuidores e Peças
MLB271132,Rotores de Distribuidor
MLB5672,Acessórios para Veículos
MLB22693,Peças de Carros e Caminhonetes
MLB190973,Ignição
MLB439567,Alternadores e Peças
MLB439569,Retificadores
MLB5672,Acessórios para Veículos
MLB22693,Peças de Carros e Caminhonetes
MLB190973,Ignição
MLB47085,Distribuidores e Peças
MLB270147,Tampas do Distribuidor
MLB5672,Acessórios para Veículos
MLB22693,Peças de Carros e Caminhonetes
MLB190973,Ignição
MLB439567,Alternadores e Peças
MLB439573,Rotores
MLB5672,Acessórios para Veículos
MLB22693,Peças de Carros e Caminhonetes
MLB190973,Ignição
MLB439567,Alternadores e Peças
MLB439572,Suportes de Alternador
MLB5672,Acessórios para Veículos
MLB22693,Peças de Carros e Caminhonetes
MLB190973,Ignição
MLB22744,Velas
MLB47126,Outros
MLB5672,Acessórios para Veículos
MLB22693,Peças de Carros e Caminhonetes
MLB190973,Ignição
MLB22744,Velas
MLB191083,Velas Aquecedoras
MLB5672,Acessórios para Veículos
MLB22693,Peças de Carros e Caminhonetes
MLB190973,Ignição
MLB22744,Velas
MLB191082,Velas de Ignição
MLB5672,Acessórios para Veículos
MLB22693,Peças de Carros e Caminhonetes
MLB2228,Iluminação
MLB22698,Lentes
MLB63770,De Faróis
MLB5672,Acessórios para Veículos
MLB22693,Peças de Carros e Caminhonetes
MLB2228,Iluminação
MLB22698,Lentes
MLB63772,De Lanternas Traseiras
MLB5672,Acessórios para Veículos
MLB22693,Peças de Carros e Caminhonetes
MLB2228,Iluminação
MLB22698,Lentes
MLB63771,De Piscas
MLB5672,Acessórios para Veículos
MLB22693,Peças de Carros e Caminhonetes
MLB2228,Iluminação
MLB22698,Lentes
MLB63745,Outros
MLB5672,Acessórios para Veículos
MLB22693,Peças de Carros e Caminhonetes
MLB114766,Motor
MLB22711,Bombas
MLB193147,Bombas Injetoras
MLB5672,Acessórios para Veículos
MLB22693,Peças de Carros e Caminhonetes
MLB114766,Motor
MLB22711,Bombas
MLB47115,Bombas de Combustível
MLB5672,Acessórios para Veículos
MLB22693,Peças de Carros e Caminhonetes
MLB114766,Motor
MLB22716,Cabos de Comando
MLB63554,Cabo Acelerador
MLB5672,Acessórios para Veículos
MLB22693,Peças de Carros e Caminhonetes
MLB114766,Motor
MLB22711,Bombas
MLB47091,Bombas de Água
MLB5672,Acessórios para Veículos
MLB22693,Peças de Carros e Caminhonetes
MLB114766,Motor
MLB22716,Cabos de Comando
MLB63555,Cabo Afogador
MLB5672,Acessórios para Veículos
MLB22693,Peças de Carros e Caminhonetes
MLB114766,Motor
MLB22711,Bombas
MLB47106,Bombas de Óleo
MLB5672,Acessórios para Veículos
MLB22693,Peças de Carros e Caminhonetes
MLB114766,Motor
MLB22716,Cabos de Comando
MLB63556,Cabo Velocímetro
MLB5672,Acessórios para Veículos
MLB22693,Peças de Carros e Caminhonetes
MLB47112,Injeção
MLB192367,Sensores
MLB376130,Outros
MLB5672,Acessórios para Veículos
MLB22693,Peças de Carros e Caminhonetes
MLB114766,Motor
MLB22711,Bombas
MLB47092,Outras Bombas
MLB5672,Acessórios para Veículos
MLB22693,Peças de Carros e Caminhonetes
MLB47112,Injeção
MLB192367,Sensores
MLB192571,Sensor MAF
MLB5672,Acessórios para Veículos
MLB22693,Peças de Carros e Caminhonetes
MLB114766,Motor
MLB22716,Cabos de Comando
MLB63462,Outros Cabos
MLB5672,Acessórios para Veículos
MLB22693,Peças de Carros e Caminhonetes
MLB47112,Injeção
MLB192367,Sensores
MLB192362,Sensor MAP
MLB5672,Acessórios para Veículos
MLB22693,Peças de Carros e Caminhonetes
MLB114766,Motor
MLB193148,Correias
MLB193152,Correias Poly V
MLB5672,Acessórios para Veículos
MLB22693,Peças de Carros e Caminhonetes
MLB47112,Injeção
MLB192367,Sensores
MLB192568,Sensor TPS
MLB5672,Acessórios para Veículos
MLB22693,Peças de Carros e Caminhonetes
MLB114766,Motor
MLB193148,Correias
MLB193150,Outros Correias
MLB5672,Acessórios para Veículos
MLB22693,Peças de Carros e Caminhonetes
MLB47112,Injeção
MLB192367,Sensores
MLB192761,Sensor de Detonação
MLB5672,Acessórios para Veículos
MLB22693,Peças de Carros e Caminhonetes
MLB114766,Motor
MLB193148,Correias
MLB193151,Tensores Poly V
MLB5672,Acessórios para Veículos
MLB22693,Peças de Carros e Caminhonetes
MLB114766,Motor
MLB193149,Distribuição
MLB47111,Correias Dentadas
MLB5672,Acessórios para Veículos
MLB22693,Peças de Carros e Caminhonetes
MLB47112,Injeção
MLB192367,Sensores
MLB192363,Sensor de Posição
MLB5672,Acessórios para Veículos
MLB22693,Peças de Carros e Caminhonetes
MLB114766,Motor
MLB193149,Distribuição
MLB194056,Corrente de Distribuição
MLB5672,Acessórios para Veículos
MLB22693,Peças de Carros e Caminhonetes
MLB114766,Motor
MLB3172,Componentes de Motor
MLB5324,Outros Componentes
MLB5672,Acessórios para Veículos
MLB22693,Peças de Carros e Caminhonetes
MLB47112,Injeção
MLB192367,Sensores
MLB192365,Sensor de Rotação
MLB5672,Acessórios para Veículos
MLB22693,Peças de Carros e Caminhonetes
MLB114766,Motor
MLB22711,Bombas
MLB277567,Peças para Bombas
MLB5672,Acessórios para Veículos
MLB22693,Peças de Carros e Caminhonetes
MLB47112,Injeção
MLB192367,Sensores
MLB192954,Sensor de Velocidade
MLB5672,Acessórios para Veículos
MLB22693,Peças de Carros e Caminhonetes
MLB114766,Motor
MLB193149,Distribuição
MLB194057,Kit de Distribuição
MLB5672,Acessórios para Veículos
MLB22693,Peças de Carros e Caminhonetes
MLB47112,Injeção
MLB192367,Sensores
MLB416795,Sensores de Pressão
MLB5672,Acessórios para Veículos
MLB22693,Peças de Carros e Caminhonetes
MLB114766,Motor
MLB193149,Distribuição
MLB193153,Outros
MLB5672,Acessórios para Veículos
MLB22693,Peças de Carros e Caminhonetes
MLB114766,Motor
MLB193149,Distribuição
MLB430189,Tampas de Correntes
MLB5672,Acessórios para Veículos
MLB22693,Peças de Carros e Caminhonetes
MLB114766,Motor
MLB193149,Distribuição
MLB194055,Tensor do Distribuidor
MLB5672,Acessórios para Veículos
MLB22693,Peças de Carros e Caminhonetes
MLB114766,Motor
MLB47109,Radiadores
MLB193656,Bulbo de Temperatura
MLB5672,Acessórios para Veículos
MLB22693,Peças de Carros e Caminhonetes
MLB114766,Motor
MLB193149,Distribuição
MLB194053,Engrenagem de Distribuição
MLB5672,Acessórios para Veículos
MLB22693,Peças de Carros e Caminhonetes
MLB114766,Motor
MLB47109,Radiadores
MLB277571,Flanges para Bombas de Água
MLB5672,Acessórios para Veículos
MLB22693,Peças de Carros e Caminhonetes
MLB114766,Motor
MLB47109,Radiadores
MLB193593,Mangueira Radiador
MLB5672,Acessórios para Veículos
MLB22693,Peças de Carros e Caminhonetes
MLB114766,Motor
MLB47109,Radiadores
MLB193398,Outros
MLB5672,Acessórios para Veículos
MLB22693,Peças de Carros e Caminhonetes
MLB114766,Motor
MLB47109,Radiadores
MLB193498,Radiadores Intercooler
MLB5672,Acessórios para Veículos
MLB22693,Peças de Carros e Caminhonetes
MLB114766,Motor
MLB47109,Radiadores
MLB193399,Radiadores de Água
MLB5672,Acessórios para Veículos
MLB22693,Peças de Carros e Caminhonetes
MLB114766,Motor
MLB3172,Componentes de Motor
MLB439584,Cárters de Motores
MLB5672,Acessórios para Veículos
MLB22693,Peças de Carros e Caminhonetes
MLB114766,Motor
MLB47109,Radiadores
MLB193436,Radiadores de Óleo
MLB5672,Acessórios para Veículos
MLB22693,Peças de Carros e Caminhonetes
MLB114766,Motor
MLB47109,Radiadores
MLB193531,Reservatório
MLB5672,Acessórios para Veículos
MLB22693,Peças de Carros e Caminhonetes
MLB114766,Motor
MLB47109,Radiadores
MLB193785,Tampa do Radiador
MLB5672,Acessórios para Veículos
MLB22693,Peças de Carros e Caminhonetes
MLB114766,Motor
MLB47109,Radiadores
MLB63788,Válvulas Termostáticas
MLB5672,Acessórios para Veículos
MLB22693,Peças de Carros e Caminhonetes
MLB114765,Peças de Interior
MLB194768,Cabos
MLB194771,Abertura Capô
MLB5672,Acessórios para Veículos
MLB22693,Peças de Carros e Caminhonetes
MLB114765,Peças de Interior
MLB194768,Cabos
MLB194770,Abertura Porta Malas
MLB5672,Acessórios para Veículos
MLB22693,Peças de Carros e Caminhonetes
MLB114765,Peças de Interior
MLB2222,Chaves e Botões
MLB192955,Botão Teto Solar
MLB5672,Acessórios para Veículos
MLB22693,Peças de Carros e Caminhonetes
MLB114765,Peças de Interior
MLB194768,Cabos
MLB194772,Abertura Tanque de Combustível
MLB5672,Acessórios para Veículos
MLB22693,Peças de Carros e Caminhonetes
MLB114765,Peças de Interior
MLB2222,Chaves e Botões
MLB115598,Botão Vidro Elétrico
MLB5672,Acessórios para Veículos
MLB22693,Peças de Carros e Caminhonetes
MLB114765,Peças de Interior
MLB194768,Cabos
MLB439682,Outros
MLB5672,Acessórios para Veículos
MLB22693,Peças de Carros e Caminhonetes
MLB114765,Peças de Interior
MLB2222,Chaves e Botões
MLB115601,Botãos de Espejos Laterais
MLB5672,Acessórios para Veículos
MLB22693,Peças de Carros e Caminhonetes
MLB114765,Peças de Interior
MLB2222,Chaves e Botões
MLB431909,Botões de Bloqueio Central
MLB5672,Acessórios para Veículos
MLB22693,Peças de Carros e Caminhonetes
MLB22648,Suspensão e Direção
MLB214538,Bandejas e Braços de Suspensão
MLB193572,Bandejas de Suspensão
MLB5672,Acessórios para Veículos
MLB22693,Peças de Carros e Caminhonetes
MLB114765,Peças de Interior
MLB2222,Chaves e Botões
MLB432285,Botões de Farois de Milhas
MLB5672,Acessórios para Veículos
MLB22693,Peças de Carros e Caminhonetes
MLB114765,Peças de Interior
MLB2222,Chaves e Botões
MLB63463,Chaves de Luzes
MLB5672,Acessórios para Veículos
MLB22693,Peças de Carros e Caminhonetes
MLB191836,Transmissão
MLB47128,Câmbios
MLB194806,Caixa de Câmbio
MLB5672,Acessórios para Veículos
MLB22693,Peças de Carros e Caminhonetes
MLB22648,Suspensão e Direção
MLB214538,Bandejas e Braços de Suspensão
MLB212730,Braços De Suspensão
MLB5672,Acessórios para Veículos
MLB22693,Peças de Carros e Caminhonetes
MLB191836,Transmissão
MLB47128,Câmbios
MLB194805,Coxim do Câmbio
MLB5672,Acessórios para Veículos
MLB22693,Peças de Carros e Caminhonetes
MLB114765,Peças de Interior
MLB2222,Chaves e Botões
MLB431784,Interruptores de Desembaçador
MLB5672,Acessórios para Veículos
MLB22693,Peças de Carros e Caminhonetes
MLB22648,Suspensão e Direção
MLB417207,Barras e Peças
MLB194155,Barra De Torção
MLB5672,Acessórios para Veículos
MLB22693,Peças de Carros e Caminhonetes
MLB22648,Suspensão e Direção
MLB214538,Bandejas e Braços de Suspensão
MLB263651,Outros
MLB5672,Acessórios para Veículos
MLB22693,Peças de Carros e Caminhonetes
MLB114765,Peças de Interior
MLB2222,Chaves e Botões
MLB63464,Limpadores de Para-brisas
MLB5672,Acessórios para Veículos
MLB22693,Peças de Carros e Caminhonetes
MLB191836,Transmissão
MLB47128,Câmbios
MLB194807,Engrenagem de Marcha
MLB5672,Acessórios para Veículos
MLB22693,Peças de Carros e Caminhonetes
MLB114765,Peças de Interior
MLB2222,Chaves e Botões
MLB115599,Luz Emergência
MLB5672,Acessórios para Veículos
MLB22693,Peças de Carros e Caminhonetes
MLB22648,Suspensão e Direção
MLB214538,Bandejas e Braços de Suspensão
MLB384394,Ponteiras de Suspensão
MLB5672,Acessórios para Veículos
MLB22693,Peças de Carros e Caminhonetes
MLB22648,Suspensão e Direção
MLB417207,Barras e Peças
MLB193571,Barras Estabilizadoras
MLB5672,Acessórios para Veículos
MLB22693,Peças de Carros e Caminhonetes
MLB191836,Transmissão
MLB22713,Embreagens
MLB194765,Atuador de Embreagem
MLB5672,Acessórios para Veículos
MLB22693,Peças de Carros e Caminhonetes
MLB114765,Peças de Interior
MLB2222,Chaves e Botões
MLB115604,Outros Botões
MLB5672,Acessórios para Veículos
MLB22693,Peças de Carros e Caminhonetes
MLB3170,Vidros
MLB63490,Sistemas de Elevação
MLB191713,Borracha
MLB5672,Acessórios para Veículos
MLB22693,Peças de Carros e Caminhonetes
MLB191836,Transmissão
MLB47128,Câmbios
MLB430730,Interruptores de Ré
MLB5672,Acessórios para Veículos
MLB22693,Peças de Carros e Caminhonetes
MLB114766,Motor
MLB3172,Componentes de Motor
MLB439585,Cabeçotes de Motores
MLB5672,Acessórios para Veículos
MLB22693,Peças de Carros e Caminhonetes
MLB3170,Vidros
MLB63490,Sistemas de Elevação
MLB191714,Elétrico
MLB5672,Acessórios para Veículos
MLB22693,Peças de Carros e Caminhonetes
MLB191836,Transmissão
MLB22713,Embreagens
MLB389308,Atuadores Hidráulicos
MLB5672,Acessórios para Veículos
MLB22693,Peças de Carros e Caminhonetes
MLB114766,Motor
MLB3172,Componentes de Motor
MLB439583,Bloco de Motores
MLB5672,Acessórios para Veículos
MLB22693,Peças de Carros e Caminhonetes
MLB191836,Transmissão
MLB47128,Câmbios
MLB116875,Outros
MLB5672,Acessórios para Veículos
MLB22693,Peças de Carros e Caminhonetes
MLB3170,Vidros
MLB63490,Sistemas de Elevação
MLB191715,Manual
MLB5672,Acessórios para Veículos
MLB22693,Peças de Carros e Caminhonetes
MLB191836,Transmissão
MLB22713,Embreagens
MLB373466,Cabos de Embreagem
MLB5672,Acessórios para Veículos
MLB22693,Peças de Carros e Caminhonetes
MLB191836,Transmissão
MLB47128,Câmbios
MLB194808,Seletora do Trambulador
MLB5672,Acessórios para Veículos
MLB22693,Peças de Carros e Caminhonetes
MLB22648,Suspensão e Direção
MLB417207,Barras e Peças
MLB417208,Outros
MLB5672,Acessórios para Veículos
MLB22693,Peças de Carros e Caminhonetes
MLB191836,Transmissão
MLB22713,Embreagens
MLB270236,Cilindro Mestre de Embreagem
MLB5672,Acessórios para Veículos
MLB22693,Peças de Carros e Caminhonetes
MLB3170,Vidros
MLB63490,Sistemas de Elevação
MLB116479,Outros
MLB5672,Acessórios para Veículos
MLB22693,Peças de Carros e Caminhonetes
MLB191836,Transmissão
MLB440324,Rolamentos e Semi Eixos
MLB440326,Outros
MLB5672,Acessórios para Veículos
MLB22693,Peças de Carros e Caminhonetes
MLB191836,Transmissão
MLB440324,Rolamentos e Semi Eixos
MLB194829,Rolamentos
MLB5672,Acessórios para Veículos
MLB22693,Peças de Carros e Caminhonetes
MLB191836,Transmissão
MLB22713,Embreagens
MLB194761,Disco de Embreagens
MLB5672,Acessórios para Veículos
MLB22693,Peças de Carros e Caminhonetes
MLB22648,Suspensão e Direção
MLB417207,Barras e Peças
MLB439848,Estabilizadoras e Peças
MLB5672,Acessórios para Veículos
MLB22693,Peças de Carros e Caminhonetes
MLB191836,Transmissão
MLB432521,Seletoras e Cabos
MLB194742,Cabo Seletor de Marcha
MLB5672,Acessórios para Veículos
MLB22693,Peças de Carros e Caminhonetes
MLB191836,Transmissão
MLB440324,Rolamentos e Semi Eixos
MLB440325,Semi Eixos
MLB5672,Acessórios para Veículos
MLB22693,Peças de Carros e Caminhonetes
MLB191836,Transmissão
MLB22713,Embreagens
MLB194764,Garfo da Embreagem
MLB5672,Acessórios para Veículos
MLB22693,Peças de Carros e Caminhonetes
MLB191836,Transmissão
MLB432521,Seletoras e Cabos
MLB432522,Outros
MLB5672,Acessórios para Veículos
MLB22693,Peças de Carros e Caminhonetes
MLB191836,Transmissão
MLB22713,Embreagens
MLB194753,Kit de Embreagens
MLB5672,Acessórios para Veículos
MLB22693,Peças de Carros e Caminhonetes
MLB191836,Transmissão
MLB432521,Seletoras e Cabos
MLB373457,Seletoras
MLB5672,Acessórios para Veículos
MLB22693,Peças de Carros e Caminhonetes
MLB191836,Transmissão
MLB22713,Embreagens
MLB63564,Outros
MLB5672,Acessórios para Veículos
MLB22693,Peças de Carros e Caminhonetes
MLB114765,Peças de Interior
MLB431497,Pedais
MLB439678,Capas de Pedais
MLB5672,Acessórios para Veículos
MLB22693,Peças de Carros e Caminhonetes
MLB191836,Transmissão
MLB22713,Embreagens
MLB373461,Platôs de Embreagem
MLB5672,Acessórios para Veículos
MLB22693,Peças de Carros e Caminhonetes
MLB114765,Peças de Interior
MLB439677,Porta-Luvas
MLB439679,Dobradiças de Porta-luva
MLB5672,Acessórios para Veículos
MLB22693,Peças de Carros e Caminhonetes
MLB22648,Suspensão e Direção
MLB456201,Direção Hidráulica
MLB193737,Bomba Hidráulica
MLB5672,Acessórios para Veículos
MLB22693,Peças de Carros e Caminhonetes
MLB114765,Peças de Interior
MLB431497,Pedais
MLB431502,Outros
MLB5672,Acessórios para Veículos
MLB22693,Peças de Carros e Caminhonetes
MLB191836,Transmissão
MLB22713,Embreagens
MLB194762,Rolamento da Embreagem
MLB5672,Acessórios para Veículos
MLB22693,Peças de Carros e Caminhonetes
MLB114765,Peças de Interior
MLB431497,Pedais
MLB277401,Pedais da Embreagem
MLB5672,Acessórios para Veículos
MLB22693,Peças de Carros e Caminhonetes
MLB22648,Suspensão e Direção
MLB456201,Direção Hidráulica
MLB193420,Caixa de Direção
MLB5672,Acessórios para Veículos
MLB22693,Peças de Carros e Caminhonetes
MLB191836,Transmissão
MLB22713,Embreagens
MLB430784,Volantes de Embreagem
MLB5672,Acessórios para Veículos
MLB22693,Peças de Carros e Caminhonetes
MLB114765,Peças de Interior
MLB439677,Porta-Luvas
MLB439680,Maçanetas de Porta-Luva
MLB5672,Acessórios para Veículos
MLB22693,Peças de Carros e Caminhonetes
MLB114765,Peças de Interior
MLB431497,Pedais
MLB270299,Pedais de Acelerador
MLB5672,Acessórios para Veículos
MLB22693,Peças de Carros e Caminhonetes
MLB22648,Suspensão e Direção
MLB456201,Direção Hidráulica
MLB193805,Mangueira Direção Hidráulica
MLB5672,Acessórios para Veículos
MLB22693,Peças de Carros e Caminhonetes
MLB114765,Peças de Interior
MLB439677,Porta-Luvas
MLB439681,Outros
MLB5672,Acessórios para Veículos
MLB22693,Peças de Carros e Caminhonetes
MLB114765,Peças de Interior
MLB431497,Pedais
MLB277402,Pedais do Freio
MLB5672,Acessórios para Veículos
MLB22693,Peças de Carros e Caminhonetes
MLB114765,Peças de Interior
MLB439677,Porta-Luvas
MLB432462,Portaluvas Completos
MLB5672,Acessórios para Veículos
MLB22693,Peças de Carros e Caminhonetes
MLB22648,Suspensão e Direção
MLB456201,Direção Hidráulica
MLB456202,Outros
MLB5672,Acessórios para Veículos
MLB22693,Peças de Carros e Caminhonetes
MLB114765,Peças de Interior
MLB439677,Porta-Luvas
MLB192166,Tampas de Porta Luva
MLB5672,Acessórios para Veículos
MLB22693,Peças de Carros e Caminhonetes
MLB22648,Suspensão e Direção
MLB456201,Direção Hidráulica
MLB194388,Reservatorio Óleo Hidráulico
MLB5672,Acessórios para Veículos
MLB22693,Peças de Carros e Caminhonetes
MLB22648,Suspensão e Direção
MLB194817,Semi Eixo e Homocinéticas
MLB376268,Coifas Homocinéticas
MLB5672,Acessórios para Veículos
MLB22693,Peças de Carros e Caminhonetes
MLB22648,Suspensão e Direção
MLB194817,Semi Eixo e Homocinéticas
MLB227955,Junta de Homocinetica
MLB5672,Acessórios para Veículos
MLB22693,Peças de Carros e Caminhonetes
MLB22648,Suspensão e Direção
MLB194817,Semi Eixo e Homocinéticas
MLB194828,Outros
MLB5672,Acessórios para Veículos
MLB22693,Peças de Carros e Caminhonetes
MLB22648,Suspensão e Direção
MLB194817,Semi Eixo e Homocinéticas
MLB194816,Semi Eixo
MLB5672,Acessórios para Veículos
MLB22693,Peças de Carros e Caminhonetes
MLB22648,Suspensão e Direção
MLB194817,Semi Eixo e Homocinéticas
MLB417296,Trizetas
MLB5672,Acessórios para Veículos
MLB22693,Peças de Carros e Caminhonetes
MLB114766,Motor
MLB3172,Componentes de Motor
MLB439583,Bloco de Motores
MLB47083,Bielas
MLB5672,Acessórios para Veículos
MLB22693,Peças de Carros e Caminhonetes
MLB114766,Motor
MLB22711,Bombas
MLB277567,Peças para Bombas
MLB432647,Carcaças de Bombas de Água
MLB5672,Acessórios para Veículos
MLB22693,Peças de Carros e Caminhonetes
MLB114766,Motor
MLB3172,Componentes de Motor
MLB439583,Bloco de Motores
MLB193390,Bloco Completo
MLB5672,Acessórios para Veículos
MLB22693,Peças de Carros e Caminhonetes
MLB114766,Motor
MLB3172,Componentes de Motor
MLB439585,Cabeçotes de Motores
MLB193842,Axiais
MLB5672,Acessórios para Veículos
MLB22693,Peças de Carros e Caminhonetes
MLB114766,Motor
MLB22711,Bombas
MLB277567,Peças para Bombas
MLB277568,Outras
MLB5672,Acessórios para Veículos
MLB22693,Peças de Carros e Caminhonetes
MLB114766,Motor
MLB3172,Componentes de Motor
MLB439585,Cabeçotes de Motores
MLB194177,Balancins
MLB5672,Acessórios para Veículos
MLB22693,Peças de Carros e Caminhonetes
MLB114766,Motor
MLB3172,Componentes de Motor
MLB439583,Bloco de Motores
MLB63517,Bronzinas
MLB5672,Acessórios para Veículos
MLB22693,Peças de Carros e Caminhonetes
MLB114766,Motor
MLB3172,Componentes de Motor
MLB439584,Cárters de Motores
MLB194174,Cárters Completos
MLB5672,Acessórios para Veículos
MLB22693,Peças de Carros e Caminhonetes
MLB114766,Motor
MLB22711,Bombas
MLB277567,Peças para Bombas
MLB277569,Polias para Bombas de Água
MLB5672,Acessórios para Veículos
MLB22693,Peças de Carros e Caminhonetes
MLB114766,Motor
MLB3172,Componentes de Motor
MLB439585,Cabeçotes de Motores
MLB47127,Cabeçotes
MLB5672,Acessórios para Veículos
MLB22693,Peças de Carros e Caminhonetes
MLB114766,Motor
MLB3172,Componentes de Motor
MLB439583,Bloco de Motores
MLB431036,Camisas de Motor
MLB5672,Acessórios para Veículos
MLB22693,Peças de Carros e Caminhonetes
MLB114766,Motor
MLB193149,Distribuição
MLB194053,Engrenagem de Distribuição
MLB194052,Engrenagem Virabrequim
MLB5672,Acessórios para Veículos
MLB22693,Peças de Carros e Caminhonetes
MLB114766,Motor
MLB3172,Componentes de Motor
MLB439584,Cárters de Motores
MLB439586,Outros
MLB5672,Acessórios para Veículos
MLB22693,Peças de Carros e Caminhonetes
MLB114766,Motor
MLB3172,Componentes de Motor
MLB439585,Cabeçotes de Motores
MLB193882,Coxins Bieletas
MLB5672,Acessórios para Veículos
MLB22693,Peças de Carros e Caminhonetes
MLB114766,Motor
MLB3172,Componentes de Motor
MLB439583,Bloco de Motores
MLB194178,Engrenagens
MLB5672,Acessórios para Veículos
MLB22693,Peças de Carros e Caminhonetes
MLB114766,Motor
MLB193149,Distribuição
MLB194053,Engrenagem de Distribuição
MLB194051,Engrenagem Árvore de Comando
MLB5672,Acessórios para Veículos
MLB22693,Peças de Carros e Caminhonetes
MLB114766,Motor
MLB3172,Componentes de Motor
MLB439584,Cárters de Motores
MLB194701,Pescador de Óleo
MLB5672,Acessórios para Veículos
MLB22693,Peças de Carros e Caminhonetes
MLB114766,Motor
MLB3172,Componentes de Motor
MLB439585,Cabeçotes de Motores
MLB194180,Mola de Válvula
MLB5672,Acessórios para Veículos
MLB22693,Peças de Carros e Caminhonetes
MLB114766,Motor
MLB3172,Componentes de Motor
MLB439583,Bloco de Motores
MLB47095,Jogo de Anéis Motor
MLB5672,Acessórios para Veículos
MLB22693,Peças de Carros e Caminhonetes
MLB114766,Motor
MLB3172,Componentes de Motor
MLB439584,Cárters de Motores
MLB194788,Protetor de Cárter
MLB5672,Acessórios para Veículos
MLB22693,Peças de Carros e Caminhonetes
MLB114766,Motor
MLB3172,Componentes de Motor
MLB439583,Bloco de Motores
MLB433623,Kits de Pistãos e Camisas
MLB5672,Acessórios para Veículos
MLB22693,Peças de Carros e Caminhonetes
MLB114766,Motor
MLB3172,Componentes de Motor
MLB439585,Cabeçotes de Motores
MLB439594,Outros
MLB5672,Acessórios para Veículos
MLB22693,Peças de Carros e Caminhonetes
MLB114766,Motor
MLB3172,Componentes de Motor
MLB439583,Bloco de Motores
MLB439833,Outros
MLB5672,Acessórios para Veículos
MLB22693,Peças de Carros e Caminhonetes
MLB114766,Motor
MLB3172,Componentes de Motor
MLB439585,Cabeçotes de Motores
MLB194173,Parafusos do Cilindro
MLB5672,Acessórios para Veículos
MLB22693,Peças de Carros e Caminhonetes
MLB114766,Motor
MLB3172,Componentes de Motor
MLB439583,Bloco de Motores
MLB47093,Pistão
MLB5672,Acessórios para Veículos
MLB22693,Peças de Carros e Caminhonetes
MLB114766,Motor
MLB3172,Componentes de Motor
MLB439585,Cabeçotes de Motores
MLB63712,Tampas
MLB5672,Acessórios para Veículos
MLB22693,Peças de Carros e Caminhonetes
MLB114766,Motor
MLB3172,Componentes de Motor
MLB439583,Bloco de Motores
MLB431030,Selos de Motor
MLB5672,Acessórios para Veículos
MLB22693,Peças de Carros e Caminhonetes
MLB114766,Motor
MLB3172,Componentes de Motor
MLB439585,Cabeçotes de Motores
MLB22715,Válvulas
MLB5672,Acessórios para Veículos
MLB22693,Peças de Carros e Caminhonetes
MLB114766,Motor
MLB3172,Componentes de Motor
MLB439583,Bloco de Motores
MLB193389,Tuchos
MLB5672,Acessórios para Veículos
MLB22693,Peças de Carros e Caminhonetes
MLB114766,Motor
MLB3172,Componentes de Motor
MLB439585,Cabeçotes de Motores
MLB194170,Árvores Comandos de Válvulas
MLB5672,Acessórios para Veículos
MLB22693,Peças de Carros e Caminhonetes
MLB114766,Motor
MLB3172,Componentes de Motor
MLB439583,Bloco de Motores
MLB47104,Virabrequim
MLB5672,Acessórios para Veículos
MLB22693,Peças de Carros e Caminhonetes
MLB22648,Suspensão e Direção
MLB417207,Barras e Peças
MLB439848,Estabilizadoras e Peças
MLB416688,Abraçadeiras
MLB5672,Acessórios para Veículos
MLB22693,Peças de Carros e Caminhonetes
MLB22648,Suspensão e Direção
MLB417207,Barras e Peças
MLB439848,Estabilizadoras e Peças
MLB440328,Aisladores
MLB5672,Acessórios para Veículos
MLB22693,Peças de Carros e Caminhonetes
MLB22648,Suspensão e Direção
MLB417207,Barras e Peças
MLB439848,Estabilizadoras e Peças
MLB440327,Outros
